Headers,Name,Page
,Cover,1
,Acknowledgements,2
,Beachcombing Basics,3
Chordates - Animals with backbones
,Globefish,5
,Weeping toadfish,7
,Shaw's cowfish,9
,Common seadragon,11
,West Australian seahorse,13
,Sea squirt,15
,Sea tulip,17
,Colonial ascidian,19
Invertebrates - Animals without backbones
,Sponge,21
,Bryozoan,23
,Violet snail,25
,Turban snail,27
,Cone shell,29
,Baler shell,31
,Limpet,33
,Abalone,35
,Sea hare,37
,Cowry shell,39
,Periwinkle,41
,Cuttlebone,43
,Ram's horn shell,45
,Chiton,47
,Mussel,49
,Scallop,51
,Pipi,53
,Razor clam,55
,Sea jelly,57
,Bluebottle,59
,Coral,61
,Acorn barnacle,63
,Goose barnacle,65
,Crab,67
,Tube worm,69
,Sea urchin,71
,Sea star,73
Seagrasses and algae
,Sea wrack information,75
,Algae (seaweed) information,76
,Green algae,77
,Brown algae,81
,Red algae,85
,Seagrass,89
Unusual finds
,Sausage jelly,95
,Port Jackson shark egg case,96
,Catshark egg case,97
,Whelk egg case,98
,Bobtail lizard,99
,Yellow bellied sea snake,100
,Seals and sea lions,101
,Loggerhead turtle hatchling,102